,A,B,C
0,0.7945136905854067,0.3379128050214838,0.2992897203219924
1,0.5962585154057988,0.5129300320808275,0.554368682856064
2,0.11500323368344101,0.40149029617512255,0.6695730938034823
3,0.7730070284198105,0.5472632690361202,0.7808566590661828
4,0.4692554572080364,0.3169574674456702,0.21489990422160643
5,0.539357019418216,0.10747643006769703,0.1874950841700489
6,0.3855987249572218,0.5619302528377375,0.37768254559528736
7,0.013230402989105494,0.4195071794723567,0.9607284172624309
8,0.8580910686614973,0.8059637359281663,0.5868654522525715
9,0.03968841932232825,0.6354075913416719,0.4249464583258393
10,0.15880985174986384,0.0955858633325638,0.7754757273608417
11,0.23073067889024323,0.7777847275852343,0.6543501846104764
12,0.5655707361995639,0.9000987391042548,0.4553249274511826
13,0.4315911492096429,0.9588634901503926,0.8814280761931664
14,0.3230642412298551,0.701143727540676,0.8552958034725477
15,0.7443416112582821,0.741009300830164,0.554805082595301
16,0.7149824903738086,0.6569100391949257,0.27725687406190647
17,0.47533273228586415,0.9688086884070206,0.002638962957974944
18,0.9324591547179725,0.8834053186054202,0.3456926673647094
19,0.4089316935278483,0.23031011933493917,0.5384019234013926
20,0.4750850106166413,0.8641838933196274,0.8108499353897342
21,0.6273459640206884,0.25677516810400647,0.7607192589713866
22,0.9839743349935128,0.8217853164509675,0.6785515541055032
23,0.4550720030669899,0.31540391773024734,0.4570426112936913
24,0.1500337182449598,0.7977790484632502,0.5501568828147253
25,0.40616287884982294,0.6355352481127484,0.8863666868007982
26,0.025355728582233783,0.8265279703400635,0.8276743415494366
27,0.22226121323077042,0.38124684637792605,0.6564753584011226
28,0.5784836975384037,0.8819854014240208,0.8438764103303938
29,0.48727642603950383,0.6339249739044742,0.017085306950839763
30,0.05648028517358661,0.5032517434400804,0.07269194665261058
31,0.6473576948846104,0.2835395972635236,0.6659699913322119
32,0.6298715914587258,0.7081306962713207,0.4024467331315845
33,0.4262071203390403,0.47775952737897653,0.934258149087064
34,0.6746103601714133,0.3194612377697559,0.9547189599720832
35,0.10386659959706934,0.6238704363561959,0.5984677357925381
36,0.9233225488621981,0.9536426735185372,0.0456394937258604
37,0.8460834724512536,0.7793594845495729,0.4653820677044117
38,0.7646156299789695,0.5562538904778774,0.6745205034321984
39,0.7918724362743838,0.964779659072255,0.8868212811448589
40,0.06530720282773161,0.6258411836786973,0.6573134826233813
41,0.7005934075401017,0.7162995938543981,0.9623128898068277
42,0.2671971418380349,0.6067174319309877,0.9366159121854941
43,0.26468995309221954,0.10054947233646194,0.45440579863049546
44,0.34456666869280195,0.3595099189313493,0.39512206485684376
45,0.6693312920027896,0.3324796487594279,0.54017234827572
46,0.37415146747129346,0.2739095577177397,0.9243262222721993
47,0.43334584499894846,0.14456899509490728,0.5979105917745866
48,0.18530693485320904,0.03403454167695774,0.3689593840499751
49,0.6027964323946889,0.42883122735052104,0.0527656231753989
50,0.2069121448821346,0.6518921521505396,0.21555064962865955
51,0.4457946174837376,0.6147506918369009,0.819981029455242
52,0.2595851697313857,0.4236450105602406,0.5917000061167937
53,0.2464467065010798,0.6957690214728348,0.04781268987895382
54,0.11734856335444666,0.6886511805089696,0.9070174604584006
55,0.6286657295742529,0.47207972160180367,0.0288572029361831
56,0.06024209492090715,0.021716692584530684,0.8225086089373396
57,0.35390820111059995,0.7166795337531476,0.1786196521337866
58,0.07967803827215925,0.004317241772497149,0.37246385302893814
59,0.7161195510142204,0.8582730422606443,0.49061872918282035
60,0.19048779960141848,0.4213342229948328,0.8810654254615756
61,0.10742214809170214,0.3484918972686881,0.25850034993347015
62,0.39026921927603486,0.3162448893024321,0.36298819360841106
63,0.6909995401366397,0.07234382326120226,0.965519840945103
64,0.7245649182290915,0.10817963651723173,0.18511680627309413
65,0.6024485511928298,0.18958584407342094,0.30272978622874724
66,0.7683651605723332,0.09694981065884467,0.8527899059124343
67,0.8032906656090449,0.9596915222994038,0.9967800185427279
68,0.2410773725451405,0.961428089727738,0.3849854356025806
69,0.07676311755581744,0.28222840023087603,0.14764077216543703
70,0.19657068054203064,0.7313378688849863,0.2979427437733556
71,0.2344492817819307,0.457093005080918,0.05781690274424267
72,0.4362193713826321,0.2577667951663408,0.9243575826387804
73,0.2996258278495494,0.3033557306809962,0.4712380035144432
74,0.7490903947361183,0.5101523541160846,0.6656287418480654
75,0.7088149317676679,0.7777343417112677,0.4859091852022268
76,0.689710476658834,0.5175922544196366,0.6802977020865963
77,0.13710081043198685,0.8157917102082649,0.26665199925346117
78,0.12975934334438444,0.9358844900331609,0.4279766300152227
79,0.3076732217642051,0.20191385243415028,0.42818128865056027
80,0.4830869924971293,0.3364262460208599,0.8502569804918326
81,0.834774149673658,0.6679931740444192,0.7892026399814319
82,0.3442150813190904,0.9046986235713019,0.758204277748641
83,0.42650579268739575,0.9493750776005548,0.8818278062296541
84,0.3977724397679602,0.9934932212923601,0.2967823416022255
85,0.3300998803950621,0.411482517147554,0.6756959945925979
86,0.2692962088479661,0.03693472781071683,0.02804932831208551
87,0.9921732805438489,0.8775917125515513,0.6509108882622966
88,0.07382504943558965,0.1726737203886396,0.4045152112759475
89,0.10749118600123786,0.742001156718643,0.33147437654327305
90,0.10466618768780511,0.9192620752414675,0.4437987164325339
91,0.9144146538252997,0.7389600951529168,0.9965643807992106
92,0.877171906680768,0.05682149399125602,0.6091103726436919
93,0.8545237863514283,0.6783311321168437,0.26726132143218484
94,0.29315716367771005,0.5047803821732691,0.597034835778537
95,0.16337187416568866,0.6361073251507456,0.7752216044238409
96,0.13841473859332876,0.6309882024063594,0.6073319663087
97,0.009874481877605312,0.34689550575419603,0.029147594500089524
98,0.4448306857908306,0.5816200246234297,0.15692403825197132
99,0.4357696254896677,0.7972705282015797,0.07847738383367542
100,0.45638300500601925,0.2842493145204993,0.5160305119049383
101,0.36128462284592544,0.9635802613710283,0.31102883967587547
102,0.004480246244164432,0.5024449323639781,0.24788087820630433
103,0.7037528140212296,0.09954755230934043,0.8804636155257869
104,0.11114824849012483,0.8373767771643187,0.8926690774836927
105,0.7873461183992674,0.08829679584205974,0.20964654809178118
106,0.7863689719646595,0.9496966696340321,0.2307701459068774
107,0.7700270935635958,0.2692999618648736,0.12288821097435443
108,0.918866525538042,0.5330536506745989,0.8747263314911888
109,0.49948887313204204,0.3113705575977733,0.9253565869141975
110,0.4166043863911839,0.16603514385996065,0.08695589818663452
111,0.03074983478710458,0.6641468170883645,0.44075494780177993
112,0.9731676203387711,0.5493362696549481,0.660660456853283
113,0.6749771815883275,0.4362138175610547,0.09569202419305123
114,0.9217081563941829,0.47858794189368137,0.5718372457109416
115,0.7389951398308131,0.267747675577379,0.7237019132552023
116,0.23253693059118064,0.5612645918273826,0.10131105922514094
117,0.833899239141334,0.5908885137618383,0.9278646743084993
118,0.9917619321676873,0.7480704040606186,0.76260033800551
119,0.4120890733149526,0.8269123503614119,0.21103793732654008
120,0.6394756166463722,0.058573358789558494,0.4581807629894341
121,0.8539600146788433,0.7521601743229712,0.14253717886438688
122,0.7568396309787476,0.4533012624198899,0.1257226634833034
123,0.5861368654691484,0.1076304826539557,0.6611125433285561
124,0.015370834211364981,0.128902300654259,0.20687497594019755
125,0.42818895935442847,0.7053735430706121,0.40317947900374407
126,0.544689613931655,0.08532335119837109,0.5448981335515984
127,0.8565289400435496,0.9754588685863829,0.3031851382956249
128,0.4608239010224543,0.3560068557566345,0.9471032073868457
129,0.23809825747893187,0.11792587907031904,0.8112917516348316
130,0.9401753148983181,0.7905405093905373,0.6544592388141975
131,0.9910625117120623,0.08651514594867515,0.09977671557948276
132,0.6714433801847843,0.8095826819982659,0.46950108188954076
133,0.14488476254912763,0.0882177929744199,0.48298250219539474
134,0.9168851385588241,0.5870431804328416,0.4747817648224788
135,0.1961715865641681,0.6184479924751617,0.8403806834052676
136,0.5719028566509237,0.8714163364792575,0.006401801091015513
137,0.9914782235986378,0.07990248161282232,0.122591407275082
138,0.12992420075787914,0.9066807281485335,0.5946535688222452
139,0.9925308614398127,0.8259071260798874,0.522152474966004
140,0.8419493821495475,0.8106732847778827,0.6527733044292462
141,0.2558895275222447,0.5044245038331617,0.41020994847368475
142,0.9864287192135831,0.8063669075663824,0.8795361602854692
143,0.8297360391969743,0.9210861167853154,0.1819526887483962
144,0.3302994410393091,0.01947130669813868,0.5715700014772628
145,0.45465118983628994,0.6558152165222821,0.08497926207282913
146,0.9164862001581837,0.6434727880905703,0.8651025533071315
147,0.07474540575915545,0.20176994047501084,0.9536385244972416
148,0.8697772641859547,0.5523708967722889,0.6430396284617703
149,0.7034084995028069,0.6291981678356099,0.4523209807972185
150,0.3272345679579489,0.5326032737987042,0.16590315805012024
151,0.6975962939607989,0.35660386821214995,0.3184739131377523
152,0.5552675744901617,0.6425399093923401,0.3856947677256991
153,0.45494171919749693,0.7477553702725639,0.13479178094249777
154,0.5785439443754011,0.48503716040253697,0.3221342204435105
155,0.9837894820861317,0.5571591174551064,0.7471552055635413
156,0.8177777070505179,0.6932950969708683,0.7862641535663201
157,0.033440018753706724,0.4793876051958502,0.049762808859703966
158,0.019061083902174314,0.598191282818572,0.26521051159500997
159,0.846187239932515,0.6446729801554,0.2289707159768105
160,0.45576206868211866,0.844399641471736,0.601141121758365
161,0.5338726984581829,0.03460607760472112,0.5333412112698016
162,0.8951738039707328,0.6142415476026941,0.7174077379576965
163,0.13599183137664617,0.5479541381329475,0.1437864252321963
164,0.9883528033294893,0.34945422295782325,0.2808712526757222
165,0.24231113085871203,0.2867059465826085,0.1684476666624638
166,0.7192915797027277,0.9539020931395963,0.3619059659217243
167,0.12423001793312649,0.07704039252581585,0.2184448392613486
168,0.775900917518548,0.12163526475477959,0.8046730981740479
169,0.7117583123171591,0.24987937571937613,0.5328544578244689
170,0.5451730387705421,0.5397952239500368,0.6332279023072311
171,0.5081430126056472,0.3763292424706698,0.3098018024795398
172,0.5840342624882193,0.32404888771396334,0.14599398906152028
173,0.512645618563128,0.875154574892923,0.24898007184936954
174,0.4397336628407067,0.7498385444942722,0.3423885298811622
175,0.44480740820858755,0.014926018771140082,0.3003944663219059
176,0.7979870440968901,0.7385148921889486,0.08063706969102358
177,0.022988123932525806,0.29473286494121875,0.7479629880866896
178,0.9016063419598853,0.46696252989570375,0.9339558059593289
179,0.3653449579927869,0.1609757968271014,0.8798084926707319
180,0.316861775755079,0.6512783001425828,0.33033246094935753
181,0.5436281756173171,0.5610260101433937,0.920216068459438
182,0.3565604365520243,0.5861008008126777,0.5062539613143784
183,0.7690125564150629,0.12796918211036368,0.6378103630478567
184,0.2758389935155,0.7365367764064997,0.6893884914469668
185,0.4092567931740432,0.7206235145819996,0.22844064564714972
186,0.5569143899269067,0.544978011833423,0.3124498467791649
187,0.8815424243319986,0.9176603040096422,0.41996311024955335
188,0.5743361221675489,0.8454419315560374,0.7204245795793082
189,0.7196840907860588,0.6700715751459824,0.2565321621608423
190,0.8292833136519732,0.914121256433739,0.7503758806069194
191,0.009118978834369518,0.5813632820529443,0.8660493117117475
192,0.9205236614484318,0.26467624629746833,0.7936911716505177
193,0.09304858013196071,0.15409254470628964,0.11978295182236243
194,0.7719466434435504,0.3629058576725508,0.9751051917322858
195,0.5954237933385829,0.8366342007175005,0.8327194919273568
196,0.11679388550335001,0.26686564317340167,0.2222949676731143
197,0.5896312756298072,0.3537802285575308,0.5670047531899276
198,0.2767772246538147,0.14802635144711696,0.08412869972321735
199,0.5052436482681871,0.00717038411492088,0.2872464653292125
200,0.529661398198822,0.29144010094269024,0.9870196956832351
201,0.8274355836723885,0.9728228083199493,0.757735808947279
202,0.5403031133941923,0.8317867671708212,0.40912875650994085
203,0.1810836242403403,0.2747437693619348,0.13642081250657878
204,0.3069603257868704,0.24078964896087185,0.04358860449810609
205,0.5990562560132086,0.47980690238551305,0.7182446790046091
206,0.5768105015708788,0.9336898687821188,0.5146322815084252
207,0.5605752102000249,0.2285918902812356,0.12276915845552183
208,0.8265387564604273,0.9499032079940185,0.5795631546378827
209,0.2926816561093758,0.12110736566265279,0.6504074522582648
210,0.7683634018561278,0.08703706122410193,0.8620357475315599
211,0.06642105300709733,0.7893208217362467,0.41269792809909467
212,0.4673241232696439,0.49954488655241636,0.6270301307109989
213,0.6853015654638808,0.12484056426202683,0.860477341881147
214,0.8380637617197763,0.34919223718773307,0.20567297724601086
215,0.31519643539668063,0.1562950230329323,0.009310185651892788
216,0.3885272599390792,0.20299008577538813,0.22844678434225174
217,0.3096904007753124,0.46605377341324183,0.11704324745046413
218,0.3088208413597767,0.33410777477020714,0.18664487841355593
219,0.20735675381402652,0.43412721943905364,0.7007895050782825
220,0.9373606410052879,0.7672450162053213,0.07900480526906473
221,0.9041717904501653,0.19756950465356726,0.9116075842814717
222,0.8208641617722132,0.6977719685403446,0.822624155298606
223,0.4951950937592048,0.799684181479199,0.09245474130677844
224,0.7484571494605691,0.46273076954478276,0.11059842704569467
225,0.5304685473870943,0.03689537740628812,0.2532354971560655
226,0.8054016055760082,0.6248249451492676,0.9862261010639427
227,0.6088133476578494,0.8418703984273214,0.1243008490336931
228,0.9904240158920895,0.10992143475053051,0.9252395786101182
229,0.23449340660034879,0.7593965874821005,0.20221176060503532
230,0.8546059527812596,0.08710862437466049,0.34641130444697443
231,0.08131906067972483,0.08265711724246438,0.7362803237867566
232,0.8701937256162899,0.8251613789248355,0.3204234935166814
233,0.2871320598905429,0.6447909905923754,0.5462871210027874
234,0.0720735201559567,0.42660672095318275,0.2946067665185269
235,0.9732406409837339,0.3019136430664522,0.2080229852302815
236,0.3336615116344803,0.40417500785596294,0.5908659422624094
237,0.7054166568493931,0.48251373247879026,0.44994597663384195
238,0.5913158956423605,0.4749354617800978,0.6869878688803223
239,0.7614917871554066,0.3226349906838062,0.18805827584377377
240,0.30820920882980996,0.5425409327173959,0.19245442428270843
241,0.12056891599768749,0.8158483680323377,0.32102255729383256
242,0.4897897393282662,0.7804984351879983,0.6139930167529487
243,0.22723522851399847,0.8400189438777163,0.08424291954901042
244,0.7138806827505019,0.5400126593926452,0.46334582191053764
245,0.617087211541139,0.28049226661812654,0.7018292486110659
246,0.6687122079414491,0.5932953075061733,0.23600142264384183
247,0.3641392315448726,0.8095275784230307,0.8873047337498429
248,0.579707471047108,0.15664615799926418,0.8751251025957754
249,0.7033755720409451,0.4963178821441132,0.7748926939388978
250,0.2299030009126417,0.614497891544385,0.71618579887808
251,0.6007102386717412,0.8794348039524502,0.3847563166861683
252,0.9221153138195932,0.32453617323341555,0.5456105513086815
253,0.7323710581025449,0.4629151223428618,0.9528294480346731
254,0.16929471402300855,0.3387374448223698,0.6191059038581611
255,0.7684032801344874,0.7690281890023719,0.8016536929483528
256,0.8768528775350617,0.7732709374572152,0.4889827114742258
257,0.7813845825514152,0.3364739260969175,0.4836885256741884
258,0.18221354933329614,0.8366024397956495,0.6688838732867588
259,0.9154394675040983,0.09407376219921582,0.17157320071129256
260,0.6853411226288043,0.6326896804374235,0.6214288692321953
261,0.99240784705946,0.211918538120067,0.3947286791740581
262,0.538833117429451,0.4573050225633881,0.2443382325345862
263,0.8534172927190081,0.7349525634229456,0.08614906991534499
264,0.10368835467787962,0.6976590009873713,0.3715502638177317
265,0.0073990462457739214,0.28471510306298375,0.22693907957240955
266,0.04693999723880127,0.34962767610862544,0.4653646166193596
267,0.21371286868269113,0.015923784045012157,0.8903161844570507
268,0.32993683710801125,0.2278643554909655,0.1076015978960847
269,0.39500680280136014,0.13663951712075384,0.31599428560873444
270,0.6231928427465188,0.11673354998071372,0.5221429341474609
271,0.9089534543164574,0.5096110853713621,0.861264260408333
272,0.35069237752139915,0.7550558751716565,0.19177443601095645
273,0.746750027378845,0.4704658141245581,0.9966400347825952
274,0.9591002140600232,0.12445373637219392,0.6168501452633148
275,0.8785864076589069,0.5298788059595555,0.993063510958297
276,0.1561172698848382,0.6450401080653465,0.43971258079470443
277,0.6797179379289341,0.5215227443213135,0.5509921761271479
278,0.8187188472431213,0.2104917653050833,0.7339741878498
279,0.6653479956519004,0.19686458310817756,0.6950926100011794
280,0.3638069152357398,0.031610727606774525,0.3652175800555424
281,0.32835020596731646,0.6194288170594184,0.2828315696458893
282,0.6671613211267678,0.33790881403100304,0.4015659948610061
283,0.9413549982360893,0.225856478664908,0.4831629327045861
284,0.46832773720877763,0.8864313392140291,0.18065848507251125
285,0.7631643789900444,0.33124395174471355,0.07679562719695332
286,0.4733523272435045,0.7119632154834509,0.588466075512399
287,0.9224556902664559,0.9654344464254664,0.8426601103825628
288,0.5581868684547482,0.4655564452402182,0.30380881362694023
289,0.06471209799850763,0.15987836770887864,0.1643103218477313
290,0.9429750271719237,0.2835439770097722,0.8665367184196795
291,0.3156574947565619,0.18718248289513228,0.8181032959436882
292,0.4182404373437325,0.3809587058960541,0.677947459472646
293,0.22027905010096804,0.7517388336909002,0.3426863552285412
294,0.6925518773801567,0.9297720278422467,0.21008478056777902
295,0.680464143029689,0.2537891928447039,0.42751296873303735
296,0.4897618313963924,0.9212698102654061,0.37583287462126247
297,0.27063532246578725,0.9640845385745673,0.6924117135958632
298,0.10613974282553795,0.12005889262572966,0.7104905345892069
299,0.4012702798543165,0.9814915586666652,0.02289748149843318
300,0.9475178152295171,0.12560775292557413,0.25686508838972966
301,0.3943783992817935,0.6469417062550148,0.23165060679379457
302,0.35485289900644434,0.5074360385851503,0.8097043530752435
303,0.4776232254370888,0.21785914492905545,0.28299047564228363
304,0.6687146626863197,0.938618778100611,0.7475874645448195
305,0.8679594180039233,0.2939106496607998,0.2520715950928637
306,0.08889487959403686,0.5546724697667333,0.5950030847402146
307,0.1364623947513508,0.040908273016867835,0.6127801601969628
308,0.7132783051949959,0.47977398920692316,0.14141007253703464
309,0.2961951721684237,0.009905029255725117,0.4741380206792166
310,0.8012265079907109,0.3840001943229262,0.07095149507698839
311,0.6557234199936508,0.6183552808484513,0.5351364922968048
312,0.1656625750712145,0.1129932871496605,0.4997131292604088
313,0.895345659184181,0.7920801799008838,0.08861961711586208
314,0.06164933724475141,0.6730243628021736,0.06103666301072552
315,0.7340457019942794,0.6873170527806665,0.5846914513353972
316,0.5130869981048464,0.08178689595095667,0.855134411115462
317,0.08779074405361276,0.45448728975667596,0.039035251142586214
318,0.14737058631484823,0.38119027752672185,0.31379707429964365
319,0.21724926504862796,0.35725651939760006,0.7006623235304497
320,0.5088054675914847,0.42621381751294196,0.8856799006507385
321,0.16576254814500357,0.26241262229461704,0.0558128484500332
322,0.06534919200733669,0.11771969589672437,0.8837879208911232
323,0.07086747337171018,0.6311586384656982,0.9239201398226945
324,0.3418180479417552,0.6600125645969611,0.1361748462544542
325,0.4406763004217997,0.42557920045536246,0.08916819001957654
326,0.1529998230635944,0.8163007331657525,0.28561627628544883
327,0.18148801957916272,0.4625551643388811,0.3484137572864381
328,0.367857315851006,0.9616350931922149,0.8169512185769892
329,0.7283172914921332,0.8106221057424715,0.9985171913328947
330,0.3577475559475233,0.1568420197114535,0.5634351793845632
331,0.913795436012639,0.8037917836609428,0.4462520944433658
332,0.6228250629959866,0.31273009291269094,0.05445228767284338
333,0.9742971614800304,0.23491274172379506,0.6856435661040111
334,0.9635908635233987,0.04714699652368626,0.342388991386649
335,0.1017498682946606,0.27427849155550366,0.2824440553580303
336,0.6384758099611775,0.8132881308809793,0.11218051437970245
337,0.9120775069155501,0.8927674816079184,0.6030463015738013
338,0.9831381336394904,0.04129589586341886,0.742917191344869
339,0.48009589302553,0.8012288274444785,0.4863008599572979
340,0.9698014485983922,0.7180191245024193,0.07556449402667664
341,0.8087259825549433,0.33196301921416793,0.2411840871597305
342,0.674907832915443,0.3880767015292361,0.7512063457465067
343,0.11573245478901384,0.8135911742102026,0.712830476074731
344,0.03258219854628197,0.6414721850406763,0.3578990410066226
345,0.45160731427634715,0.6693987178064753,0.5841470782994996
346,0.47831638295820156,0.5817553302699815,0.9422204581520324
347,0.509540257384124,0.7687559020259551,0.6355305159644427
348,0.8034747741522076,0.4168808558388697,0.5514560869401073
349,0.7469936175993632,0.77844910401338,0.47022696940929987
350,0.3524494677767662,0.3780101180261439,0.8308056964258675
351,0.4937715227850247,0.5300474524431862,0.6594066405167145
352,0.16581714850105045,0.3452499983064605,0.751006449830854
353,0.23388723417577573,0.6811729816168167,0.2851267181028807
354,0.8254786328119581,0.6563173441312524,0.4421081109468472
355,0.2267567964624514,0.8113231911144347,0.5261749268678627
356,0.5569918876387414,0.503784291195787,0.9834002873539679
357,0.5503499653666921,0.4266200481265977,0.6902719828754049
358,0.18094698915649543,0.06877511651728352,0.8151055266162475
359,0.4431148759043091,0.41237863791385454,0.3257730594061753
360,0.8653665760326024,0.8615056256808616,0.942096206613157
361,0.8063455056478763,0.8540495762188579,0.7796782903491035
362,0.5480072124197154,0.8079786960612199,0.34942671889197296
363,0.3824080371159503,0.13391193874740936,0.5431928155628406
364,0.774844148035581,0.5033147660159868,0.7969395952884932
365,0.0994043740845525,0.01920177922458477,0.6093450642970395
366,0.05992604322174511,0.4246983096504917,0.5030361910692391
367,0.3302556543943771,0.007616830225178561,0.9538740856967699
368,0.21689840609967326,0.07740125454295677,0.023750929292577827
369,0.5823878895538599,0.3377737735170776,0.14038746146034753
370,0.3711407360323009,0.8643634797031288,0.5663818499981749
371,0.11643515916279412,0.8324661912194763,0.26028804545337003
372,0.8198469209282605,0.9249707904157666,0.07709560714379626
373,0.3715460872445625,0.2219128273684685,0.6944889313909354
374,0.8201395417535481,0.3578223499447345,0.7147278176685733
375,0.995761095282068,0.32587829576725713,0.39398037391491225
376,0.18191977870690923,0.02697585536834446,0.5555455052722553
377,0.07785214978804322,0.1911652404152392,0.145071389422038
378,0.9892518056009149,0.14846620489806217,0.059572960177477485
379,0.07648994360470585,0.3239213972507655,0.6155682142590947
380,0.11610497830592648,0.4354698292949535,0.007396994336403839
381,0.84971702079943,0.3934173778005431,0.43377112244392924
382,0.43221660757366065,0.41495665997206754,0.21234160296579085
383,0.4123989123050984,0.25404967553909463,0.487547641582763
384,0.2388991853737059,0.3227167576095955,0.8809651068453527
385,0.8335363227477721,0.11548107983913924,0.8915863048568337
386,0.4677717005865767,0.4707730985361056,0.22969462297367682
387,0.24401987780420575,0.3845563714867648,0.2871697259204242
388,0.8233647843604941,0.5534512981727105,0.10700060498916641
389,0.1709817418194648,0.042625836974218956,0.7738725701723087
390,0.2580620215688566,0.663624760165539,0.38671283366402875
391,0.38424809716191255,0.5868139898085398,0.21931984373620295
392,0.8836896308436069,0.20862326730511227,0.699830500060995
393,0.5201087771426225,0.7290393451832949,0.17793991623014016
394,0.9657922900227276,0.8492061289019228,0.07575290158577375
395,0.43319462776786366,0.4019400852321898,0.6890787171363714
396,0.3921428125870179,0.13531795989256912,0.9099546403337346
397,0.4913492121967963,0.7522797048968766,0.38715023823705397
398,0.5173263276093476,0.6193559106596047,0.8054444418980615
399,0.8984315709916227,0.6123099271770448,0.41429380746283206
400,0.1645207872764216,0.5096166188399124,0.9612928332752831
401,0.6188368877762512,0.5091293734713342,0.9453545053188792
402,0.46726948183865624,0.9055675588128064,0.20265259827104076
403,0.474058857290917,0.9570484134765969,0.8102737288149546
404,0.2929625559852297,0.08522823287333892,0.536529595096856
405,0.5349078737970406,0.18699466590323977,0.2173714554829953
406,0.7821568430565538,0.8919269737976376,0.7035946840326843
407,0.5888272718564779,0.09722435950556685,0.38293014879552345
408,0.29128931415834625,0.37691267218533697,0.4293786261028417
409,0.7856022132573643,0.14196810297863138,0.07344478753465433
410,0.12905800810407275,0.07753241483045314,0.3247266996272209
411,0.34219263863122706,0.37522265635729424,0.46172636796876954
412,0.9739591795346011,0.05452639199618858,0.6887095382590414
413,0.7413871257777462,0.6195909606341159,0.9652608400800269
414,0.8569891349567196,0.3899883656871481,0.9362048109377735
415,0.965717256669014,0.9660605349712338,0.7257939417292207
416,0.6525763163889601,0.698529020332708,0.8457142719332226
417,0.7718209393441867,0.5125513933836201,0.4510138808755382
418,0.44378178226310305,0.811410418959916,0.550319499884527
419,0.6083212811141309,0.6615091073885097,0.9167444933557557
420,0.8701070098461394,0.2558192460913876,0.616619114459586
421,0.0694530367022711,0.14425014742371456,0.8075769452305217
422,0.09897907019669694,0.05555462612358164,0.2772664948153797
423,0.44462510784498654,0.3172724033796479,0.35752904698630195
424,0.5145654685423634,0.5694730219853337,0.26770670300579347
425,0.6158750961630607,0.6370894277394819,0.012855918176457481
426,0.181584868268588,0.14598661249448486,0.44342968966798757
427,0.4600441679909093,0.9716780438002997,0.3535438547516897
428,0.38278605017565814,0.18800244114655185,0.8123210675450528
429,0.5910436772382314,0.9656468546784983,0.4770849212495867
430,0.9104788065568998,0.43397016587588044,0.5655070719133414
431,0.9958671506644226,0.6196540194749162,0.6675641573410809
432,0.9983463335088794,0.496287803597506,0.9135746781342343
433,0.44640053198753893,0.05234606956236321,0.1136036699478018
434,0.6802090076608422,0.9326416661216133,0.5856493052845465
435,0.8637110326571132,0.44582557529647215,0.12510005280867642
436,0.1098854987363429,0.2045889985343965,0.28896684223831004
437,0.40737908582217686,0.35620610309505185,0.634738011541714
438,0.3340135933266042,0.9405477378244848,0.7284295847050087
439,0.8007083518150572,0.3340174236293715,0.20746656153456067
440,0.5939414340918518,0.9181046720754523,0.551749846527257
441,0.7354751912423941,0.38042331877494573,0.8990363860295021
442,0.9185669098792822,0.3878681062345275,0.44170575413153657
443,0.3294737591281349,0.6136427625385619,0.022107409238856568
444,0.426537719473291,0.2443418688605421,0.5309996772675125
445,0.6200975782669169,0.66841709006913,0.7776488828323911
446,0.11222591306307561,0.2455756268772301,0.5042537791937073
447,0.8221022956031377,0.14776684144942998,0.3360587969614617
448,0.6950882841611943,0.2008966246634749,0.5273847271840578
449,0.8215702744427507,0.03982547214181431,0.2795217853266949
450,0.7883900925110022,0.021433562819399565,0.8069679931066824
451,0.9153822954281212,0.04107049382169703,0.5705731819607297
452,0.8774957064761305,0.2533679733836799,0.5443525420033057
453,0.18074350095107594,0.11298205579423082,0.8502721205619421
454,0.4774503814089738,0.23365459214389428,0.746646587915822
455,0.9311093135731532,0.3991985124847235,0.3966402058623584
456,0.6996686021431208,0.8353869078178137,0.8966906748564617
457,0.6722574140444013,0.5533394511420647,0.775400926170215
458,0.1378856023013506,0.3951324660002221,0.510963533725595
459,0.05567723424309623,0.49890379718460387,0.23414261812182025
460,0.9235463987495639,0.47842126254958584,0.2600622288892118
461,0.08144475541382423,0.9114455467340844,0.8379851793915396
462,0.45165709243000696,0.44120252403504934,0.5549796175859371
463,0.24081088595765854,0.38608482169374225,0.2576329553677359
464,0.8102208065274124,0.17945213091781664,0.29207769671753336
465,0.14283505315387912,0.9724582699055049,0.6950001418021379
466,0.536795944610623,0.7623254120251479,0.3508695226323709
467,0.17098289047203175,0.32866306618894836,0.20526814376351277
468,0.09918819676604052,0.3926560479664205,0.44524717526969015
469,0.2820879089202786,0.1692932351537456,0.8832475095721887
470,0.9066191650215337,0.31334292555704946,0.7915806805443455
471,0.5786024108329512,0.8734292929795471,0.3660190472800535
472,0.34869126880421875,0.856326567597521,0.10668151297040862
473,0.6530783836589868,0.06549815084777488,0.5340749267494003
474,0.07315671392677048,0.6346410077723408,0.3770229506755348
475,0.4506726434954006,0.2519574629913889,0.04828889988940188
476,0.7178724636317352,0.9472454496011868,0.9359858088312492
477,0.7502129404295873,0.6063196725476339,0.25618383979892745
478,0.935615839795329,0.6209217628015498,0.045149309720345365
479,0.9124443103484319,0.49513364213143696,0.9625640954352571
480,0.6870993703146974,0.33862682530414,0.9468144877982478
481,0.1977119226658619,0.45987421754287483,0.8053447720680411
482,0.4337759021486931,0.8133692897006393,0.5619455830230007
483,0.6482394364412047,0.407454273999556,0.4298230356565519
484,0.9261039537869196,0.9404934676465825,0.5097163469545792
485,0.9219096170373833,0.15046501643997234,0.8583103871172449
486,0.7463404398464447,0.5721980492647695,0.5584888440869574
487,0.7522364523952566,0.23870971860790613,0.5787608792046414
488,0.654884315541872,0.29782139037064126,0.843665295432224
489,0.09286933932519692,0.1154343408223899,0.11548028431869106
490,0.19032801859548254,0.5122833843854435,0.36898022006326936
491,0.7573058320776627,0.021510466947492923,0.40624025095496996
492,0.23429396550018622,0.15194514273000048,0.3681650731722548
493,0.0391530694027763,0.820781172546005,0.2279285722906107
494,0.8777358645166783,0.7954981663291959,0.6837219376864714
495,0.6340602411375901,0.2181104702693919,0.36847157286767684
496,0.999863472823157,0.7377396979693616,0.8690435451425161
497,0.26795478706970466,0.4462189606108743,0.02322840566825235
498,0.39958721342031067,0.5120180819504864,0.9316823915972556
499,0.03692757565599181,0.25483780353220986,0.5274374597507681
500,0.576420805844775,0.8023060261091199,0.5826758110838752
501,0.8910285118183295,0.07330088949917235,0.3313654317290471
502,0.3002435312859456,0.4068809112216626,0.6779433958128688
503,0.591948303204031,0.3311050072711663,0.8883611256658871
504,0.8288626261851105,0.5643220154092854,0.7932723142241721
505,0.7221068933209741,0.28030792939952787,0.15191962083064436
506,0.8966415353928368,0.5661729754136899,0.024854766563686015
507,0.35155640878618843,0.20017531369394548,0.010612439790961714
508,0.8602370055418289,0.7678747622266862,0.5328075746402062
509,0.7304427734356584,0.9136327919067786,0.7805762580484701
510,0.5721588408051191,0.6939376388553619,0.9646113477973406
511,0.4235712958186778,0.6130863305080184,0.8258916199808692
512,0.9048433881475746,0.524660337545417,0.11639130571743139
513,0.702209631585821,0.9569834038078887,0.5899219741081008
514,0.8694215679555337,0.11034334482312591,0.9782098592009836
515,0.4124923562247844,0.7988583882930003,0.3955331524146807
516,0.6073946309628647,0.7590479401289463,0.5963794516619383
517,0.9585304697175211,0.6584008719918127,0.7068895526136982
518,0.16425954653489527,0.6045177371742656,0.5796556354810363
519,0.7429325065753699,0.12862229160266636,0.3928439153176697
520,0.1552569671865065,0.21332476106551734,0.2155881173755092
521,0.4915872744270363,0.7670862542860765,0.0006804450265442963
522,0.3830917430238233,0.3741138199959465,0.27790693654769905
523,0.6210234281127153,0.12862377866771924,0.8259995085825989
524,0.6864999333767979,0.5512350210183007,0.876422770014488
525,0.09926671435539647,0.6954092865556363,0.025735520661381406
526,0.8642462410953924,0.7687218007043798,0.7301988528012633
527,0.11348754076787881,0.8459884555777055,0.2961869082029298
528,0.6544344517714101,0.4087866552868632,0.9813088737300594
529,0.4177126255337573,0.14102060179413367,0.6412568543389576
530,0.47551178150011575,0.7071541259722299,0.19350201542513001
531,0.631378194611968,0.7389464460340996,0.2422869570828573
532,0.0025241228120436165,0.5314067248357255,0.2319601023454806
533,0.32490836687785274,0.3233443263746888,0.6986180175963705
534,0.7164537636305104,0.5699710137421178,0.8525137821066718
535,0.16558802973061926,0.7888274656181941,0.5701507971928242
536,0.08824416069911434,0.1990254616792041,0.33255062887296105
537,0.7578622388074812,0.007658980888728628,0.12685038445209906
538,0.5831928515242782,0.31691095582116835,0.9536702915263457
539,0.09976462288458043,0.14459686862687204,0.15740205655950412
540,0.48775514877679393,0.667709657750728,0.624890230832984
541,0.5062141951142867,0.8003970412275393,0.8256928848735394
542,0.8203383858579235,0.834190556548169,0.4883740454915567
543,0.30563522686349487,0.26417740431786585,0.12484348889400299
544,0.42089069563164627,0.3378646080244442,0.13901575297508906
545,0.7442968524348808,0.6462415981189921,0.8372395887229571
546,0.8044256228788478,0.7841218083034528,0.6687697782644102
547,0.3302074161416828,0.6700714257273349,0.39766665991522854
548,0.8239853989251538,0.018828126472326012,0.616227136509279
549,0.7047080715048213,0.5131526761361682,0.022187857489811336
550,0.6239541663251327,0.19536002067169322,0.8797206747310394
551,0.5054448851740951,0.2476642414505016,0.7977814585150277
552,0.2150060956211376,0.1208600768351984,0.6133700484320561
553,0.7053488916956305,0.28385751810483406,0.2996254780157167
554,0.9601178040222278,0.061335259360641214,0.3627561397773531
555,0.11726049775392311,0.5348452286039742,0.20159853105709502
556,0.23676461535106585,0.25831340710615447,0.9848203572942116
557,0.6011829802101821,0.3632599249331613,0.8531538248736137
558,0.8752233423689708,0.8867538799240916,0.057004628231818844
559,0.9564018668742386,0.1945538770587456,0.3193234084872464
560,0.4473191235807287,0.8816487523964769,0.49691598030995365
561,0.6542178142880878,0.37761850377187667,0.3218030744050713
562,0.13050398517767547,0.17651132397509783,0.8350672663204609
563,0.9153709906042878,0.3937048905123163,0.7656500006559377
564,0.8146613888020643,0.6974781348280835,0.8220030726401955
565,0.8433040846387491,0.09156264633801758,0.0791319032345863
566,0.7749715666495536,0.8542614995667248,0.3849342097319777
567,0.41069412395282123,0.4185402700230684,0.14127403199739574
568,0.09549768437357797,0.016243521038455944,0.4533813068819519
569,0.6588723411355064,0.4778087001640058,0.6694772225591188
570,0.9957795372332023,0.9352332822112964,0.02363521723512252
571,0.09645149186802915,0.43447299799136974,0.5070504991519094
572,0.31099292771775433,0.005425850364237261,0.915758953691234
573,0.48207092203239577,0.700624469512281,0.8218648345473973
574,0.31984906701350924,0.5392424936441429,0.08800378648265395
575,0.1887329584405324,0.920146652193293,0.3267751923232116
576,0.4107697189163768,0.6180575561978716,0.7387722363673782
577,0.08699602227220837,0.8612701100016675,0.9857287538577345
578,0.9766469446050547,0.10165150479745577,0.42136297493117103
579,0.7164269098724423,0.11612864940696221,0.4214628904599831
580,0.019599364052237056,0.46908809852923095,0.7145022483357442
581,0.1444441213948141,0.7670604691813478,0.6276271433132472
582,0.459392917020244,0.732300809195928,0.30573312359542437
583,0.6444582006791879,0.0112966563351371,0.5519101219875321
584,0.33734481998053,0.6552631773489767,0.9547436544825967
585,0.335955880330424,0.3578590520113717,0.867587594364885
586,0.19706647869774008,0.6307222284344461,0.8669357172798279
587,0.7366912946268183,0.7080781487256599,0.476413402522357
588,0.6683399408866381,0.027792520167812196,0.17379240264612317
589,0.6904313804299155,0.7763214867864537,0.6613138619512615
590,0.8977610194515728,0.8389764573937206,0.5717282403052815
591,0.9717666474922846,0.2810343776613764,0.2965246141834227
592,0.8149310682498122,0.7226438305412738,0.752188274977278
593,0.21991732123107433,0.9993736622831336,0.7525090386777843
594,0.6539964522590469,0.4200282921009404,0.21878264502754552
595,0.9146669505785859,0.3807772016726234,0.8333709411953281
596,0.5086250175716908,0.8344298423510853,0.9806641530292702
597,0.33389330961715113,0.4369731737817517,0.3852201839416789
598,0.31200770915408116,0.9340852995283594,0.9302896774582363
599,0.5603234681952896,0.8849598537330753,0.00138600673754663
600,0.7561566344488956,0.08023190826305948,0.7858521321004734
601,0.04838409406716171,0.6619060250827161,0.8512983100996853
602,0.5099155224877161,0.4854784196946951,0.04093044847551697
603,0.6739278835325346,0.19276637269427355,0.20490194470396483
604,0.5645341651530504,0.07257572574278193,0.7515046273477497
605,0.46873755327254973,0.5997794904500983,0.47535989021917
606,0.36452043967486214,0.09956330307663597,0.5454974408366504
607,0.806350772753654,0.12096908224599079,0.28233150968063425
608,0.45730462356870927,0.8774727951746591,0.5034763322761961
609,0.6234373497811652,0.7673234005878222,0.1216028992968693
610,0.5149387469755585,0.09917747366504959,0.5506131465620824
611,0.34429817671793117,0.0954186748749144,0.7238686342085562
612,0.673844387332091,0.9174747705989199,0.12670169735235137
613,0.9812543284098468,0.6590165418551668,0.35523724478636454
614,0.22077596994202797,0.7193491209590103,0.211718953961606
615,0.92067019165944,0.8303120163904433,0.014220389006112555
616,0.8002331926167195,0.25234740832306624,0.08289951081858693
617,0.616147107252242,0.5899102152924451,0.7891857128530047
618,0.2809746821319755,0.5124540766412783,0.8829388055162992
619,0.42485232019929886,0.9850533453775574,0.014975222475086314
620,0.3299447291970006,0.059982344388168074,0.55841968634862
621,0.6995575953169106,0.7012460048853212,0.21189594051681815
622,0.04807469420458044,0.1351661930941539,0.8653120680053535
623,0.967485437019192,0.6031592111183451,0.6305523770881255
624,0.3194279905426569,0.14679091693375512,0.5393354983136074
625,0.8378538524886592,0.39154780260740407,0.05052563559107659
626,0.5102821881349736,0.6946584509280826,0.9420165311114309
627,0.7726082464620635,0.0033783172222624502,0.8770004839914902
628,0.05175603471310075,0.980018455256679,0.4194668396910268
629,0.10489841797089017,0.7770570922639567,0.5084629363405154
630,0.14073333675669286,0.11069048591102537,0.7756166512051392
631,0.9106520876883669,0.4007558858474711,0.03898889031774644
632,0.03688625115600919,0.9876047386964337,0.5774316344643624
633,0.45014639513913446,0.6381520715433463,0.6951162533833993
634,0.6137821327856812,0.6823431801626684,0.8552631880447634
635,0.4117956266316083,0.9657658550756594,0.30875536477614285
636,0.6091585634929468,0.5626149484125306,0.1567386801443188
637,0.8171923267763809,0.5518003817909498,0.3525792766829884
638,0.9664929690759648,0.923655447939847,0.29986766934952447
639,0.5452583822560805,0.22907738013115797,0.3166575591306636
640,0.23685444384497023,0.5372700950562451,0.18136547529843505
641,0.4501387179194595,0.7056255185474308,0.5179445563331703
642,0.6518174150010788,0.5985170353979932,0.2428760011766693
643,0.7890229630062842,0.3115690409599837,0.8612434156991843
644,0.019872789167490468,0.4013171046684151,0.8891894649079114
645,0.6896569834479038,0.8001537183402054,0.4962381720432555
646,0.07632381312735159,0.5809364694753845,0.42849813927739566
647,0.10282636905599774,0.2688946783408791,3.586851204506747e-05
648,0.8903976999878841,0.6173323090179018,0.5505919277070299
649,0.010918350191560733,0.7050693836359743,0.9516422048346818
650,0.39617096196609547,0.06689254107257536,0.6197696530064769
651,0.37275603681710556,0.5559818215869455,0.14619628570369625
652,0.5952235244283662,0.034335032352750705,0.5221564599014464
653,0.2719477388439935,0.6731043467488673,0.18794394959915062
654,0.15485543665239876,0.08323040819448291,0.012434399466264567
655,0.7438766884361669,0.7654259606470676,0.21825241207537371
656,0.2513923706541703,0.42070838353840945,0.5849379673749755
657,0.7529074709568538,0.9744267892984475,0.47875813437526527
658,0.8434366107311906,0.09011995350487811,0.38592304809535494
659,0.8578534158860487,0.4839450946010364,0.016705401770863215
660,0.15646366601103356,0.7478822300813123,0.2503088138002213
661,0.16790292991091837,0.9668642827360696,0.8999450988395519
662,0.8105237577518153,0.8538381975591153,0.6928450433043435
663,0.5192941222591708,0.35896585226189537,0.6148693028480277
664,0.6232217791703772,0.8202549183426491,0.5449231981709629
665,0.8746787482284573,0.9627896395646256,0.27121015628674894
666,0.7175783737150361,0.3107808376598453,0.17727875943200722
667,0.9950979338928175,0.840429093195702,0.07241949411787973
668,0.7412585294014927,0.9386812007983116,0.7649461745372151
669,0.405084444115008,0.8620669501882786,0.7213973006588511
670,0.6377664421885912,0.6996396723988306,0.4164368071181215
671,0.8124191870523043,0.2203360991378751,0.13077084282792517
672,0.43817137503462766,0.6287861695395363,0.3500091074717062
673,0.45895370465972163,0.45028676118333644,0.7196740143526978
674,0.6560517383077777,0.4389646194248684,0.42484809890795017
675,0.9483709824368131,0.6825517436024109,0.4131548565999853
676,0.8625471918804218,0.7550542541252874,0.06391713113432484
677,0.6311282881190381,0.132494585588679,0.6502585459025269
678,0.6636334525878884,0.9984449550438277,0.9732562705929406
679,0.1679952667367488,0.586754666269762,0.5526570818783901
680,0.2988439776462438,0.42017630403144346,0.9536445687956414
681,0.07693187893954945,0.21498016956793742,0.7686709317706887
682,0.08918169123727049,0.2613398304992338,0.4330773541045412
683,0.8403536637913942,0.5828268948119246,0.19994691369931672
684,0.46141525055210575,0.0053265947846403705,0.4664781789520551
685,0.8986498826606873,0.24575496778921746,0.08010984875306926
686,0.2680525790852629,0.5210508583807608,0.9552681848931919
687,0.5284957676026713,0.7749108091239867,0.3591504918160625
688,0.5226389085382253,0.9219114367434303,0.3354280440188304
689,0.7194418486088056,0.37480676951436254,0.5414478350625984
690,0.8742057992993642,0.8448176385472208,0.780617067510423
691,0.3435794505059474,0.42685010121511346,0.3696742896686156
692,0.7328512123609451,0.8368638529283747,0.2665932219784287
693,0.6542048253189292,0.18412269907945955,0.35758887142994555
694,0.0390877777823303,0.8913044387373907,0.045008465316563995
695,0.6998050281507253,0.5081163412388711,0.786986112283643
696,0.1565566496018641,0.4555928591947904,0.4821328789936402
697,0.47263610941292544,0.570101507946197,0.34299640376354323
698,0.1496782645373257,0.3310007592204539,0.20859046737408427
699,0.3245336297477941,0.10794862645654046,0.009147438154893606
700,0.012278754961735805,0.5036223791047356,0.05827415313353013
701,0.505225471778385,0.7220984431681654,0.1784352477279706
702,0.9709145090511705,0.06537773273501213,0.3905285267111779
703,0.06094949518070836,0.9414989253180168,0.7533075914821912
704,0.9320188062572659,0.5607406950347057,0.5744418027940489
705,0.4499866602974355,0.5694384543447952,0.1409308252036533
706,0.39308994536097197,0.5935922322233486,0.9869177644931305
707,0.5295982903790548,0.4217106276132896,0.7164427507715635
708,0.07233797248892015,0.6237116886348172,0.4974950499448355
709,0.7920341659530005,0.12530522000540345,0.7639540521084908
710,0.6505248637316605,0.052930148080259753,0.27419311480316144
711,0.6926803479436052,0.9053574820754734,0.07384480622584122
712,0.5070010095568964,0.17402184189502645,0.5059913093357065
713,0.791047776630149,0.17804934306961007,0.7606394566966658
714,0.1353970291132317,0.5518491641624564,0.08115805460757541
715,0.9086162943105024,0.10751991329184496,0.014525299640348432
716,0.5313275326173971,0.09482897586170169,0.7932508689272837
717,0.5610986015110379,0.5967512406823532,0.0028095374985358523
718,0.42246612442790465,0.9000702016612564,0.7441516676020345
719,0.6479391054619826,0.6379146569275367,0.9250981691193073
720,0.8361866859689556,0.13385366690159273,0.8708320523520118
721,0.3754044946350744,0.7207652337310828,0.25019048692194223
722,0.1429011333751674,0.9854897236510219,0.27439522011871287
723,0.14496177708718128,0.12035732594751325,0.08522317594934326
724,0.45208559384828584,0.5875828737932625,0.5617436331105533
725,0.3636388468239965,0.07672522143024207,0.4151772111776795
726,0.2562291849870626,0.897936856683356,0.5846850499076164
727,0.2810359437302179,0.310075445284396,0.923196998407104
728,0.8210223540068706,0.15136020998053346,0.2200846649532311
729,0.5821484614507022,0.028659805043923847,0.2792779448139743
730,0.8242456387219824,0.03788124591599762,0.375393139857936
731,0.1280993707672443,0.5451007897756509,0.4921813458402027
732,0.6460887167406542,0.02365642763994691,0.669168960878036
733,0.004756008732322625,0.7315658557281063,0.5447193034993345
734,0.7640880719440977,0.26648058528996965,0.9207942109670003
735,0.27146010503198514,0.7143985268113863,0.6608988379168489
736,0.9308280171650152,0.6348154662782829,0.29744702718248783
737,0.29852271220443816,0.9500174704954513,0.7330965244043507
738,0.26977690355101336,0.7604038731015843,0.6150609977627043
739,0.8099695342666705,0.42327648121596817,0.7882569154279326
740,0.489799950088072,0.09715679942333277,0.1316882252548045
741,0.016374648093577138,0.2660586110009028,0.8991175580606328
742,0.3101369893095848,0.19813848944091428,0.5051935452251102
743,0.008477712777199664,0.8601221529263415,0.2192874680233906
744,0.9811667679241586,0.5208703868754918,0.7482141638127101
745,0.1771644204037427,0.6251524803385733,0.39759582578148367
746,0.8802083099383491,0.4676192146038848,0.04588329835016125
747,0.2992552040713302,0.09229691445317356,0.9835924593882622
748,0.04580465743155482,0.6974816170440921,0.8128092079801831
749,0.27687119263955917,0.10930268780501684,0.0808450219663378
750,0.8977540652388176,0.8105346757799531,0.5205518757409676
751,0.0535066159319324,0.11532102951855161,0.6008481832410288
752,0.2672199045388923,0.8839455999012952,0.8248523314860666
753,0.26698933013459636,0.4593041420398164,0.13992511949739517
754,0.8379978361119478,0.16104002015309493,0.5852627102357376
755,0.3750043231171042,0.9490812552890102,0.9549757320582547
756,0.08950453101112288,0.09699936703334677,0.4183001089328985
757,0.545329899855134,0.004007865183474957,0.3886459087897277
758,0.20309744958523623,0.03227097758799646,0.9304329801384349
759,0.6460360759407966,0.0452366296884793,0.7095352168824368
760,0.04948402007273489,0.19750812757439784,0.29541312457695446
761,0.742719444403348,0.1905185247805029,0.4252676543957036
762,0.5437499108956038,0.99153991124699,0.37060115823935447
763,0.9391129918966385,0.48745184064604286,0.32691473336776755
764,0.9903609891085077,0.12104977406697726,0.18460708727736874
765,0.03201614486779314,0.1127419970698662,0.7784812167207306
766,0.3986514964562561,0.952079616438521,0.5300073453941386
767,0.22009014443540786,0.6027691038939506,0.7118991090456057
768,0.7952235566158189,0.7746375480111272,0.9160089286450641
769,0.02557015191735945,0.2747970859515525,0.8475860742983712
770,0.8604957020936715,0.5041799641468087,0.8435794407932277
771,0.12489925320536155,0.6623547263471994,0.9020425706378986
772,0.14297286364536288,0.834336240369158,0.4601293479335602
773,0.07126223490842487,0.3311071121636151,0.6361292423673048
774,0.7931925398876258,0.04547415001914634,0.1755509748331947
775,0.602461886141028,0.9038566085145033,0.08214195724185858
776,0.3170119667665342,0.31857189895351157,0.41154474560027254
777,0.7873346652036013,0.20364160520619312,0.7613869922956943
778,0.7879739472437711,0.7428345105127667,0.7376291140254634
779,0.5577832264566777,0.14256943012596024,0.7047135749976967
780,0.6444708703008294,0.8177191184487781,0.8801163799561381
781,0.8959768782327406,0.13311755602480235,0.811878358211509
782,0.546527932341358,0.09833716429277506,0.8032185898030593
783,0.7832818044231818,0.7890128822709432,0.9244890351087508
784,0.07415978073068685,0.32948873585728444,0.32995838982364856
785,0.8746058642363971,0.5909052012070604,0.9516064221349987
786,0.0943514481912826,0.32329959627691196,0.4650113500447445
787,0.029396471292191473,0.308182118795427,0.488242387128876
788,0.1678764559412912,0.8176883715280369,0.32476243375734515
789,0.5525633299181445,0.10339233866710751,0.17357393517824027
790,0.03694217879579176,0.5453241080474269,0.33569997773609705
791,0.20891037954913017,0.38320286365545975,0.7758040086898824
792,0.10969918012325897,0.10065158396096441,0.25817934381840546
793,0.9220557556661533,0.28760393283323193,0.5171001978051437
794,0.7099054495923572,0.4694061375748593,0.31788734689364195
795,0.25924408440161684,0.6080432792126637,0.9556783561290118
796,0.0861798683324233,0.30152512378036733,0.7031385134219402
797,0.9480604109129825,0.05488334287960728,0.4532483492579119
798,0.6335804422602107,0.42971029156123686,0.8568827869534094
799,0.26448518047736436,0.4205203019215812,0.6365753527813021
800,0.47902627902025086,0.47998472510111356,0.4328119202368552
801,0.5082219174720828,0.13753570587806474,0.1033324398729899
802,0.27497455057837217,0.1552556450021062,0.9280926404494179
803,0.9886984425402846,0.7884445857267566,0.5029916679068503
804,0.41029744315172745,0.6079745769231379,0.3743820985071107
805,0.17018402409566324,0.8316926993998873,0.1284981024627937
806,0.35014034642334046,0.7036196715379396,0.42749903891940266
807,0.32190211770432675,0.5326237415414512,0.46393900993875004
808,0.8470037206771339,0.3798666357376653,0.566324297172943
809,0.5399408525311145,0.2008193380760518,0.635046087882955
810,0.3484160458368586,0.6112744210770484,0.3494229768627396
811,0.5198144626716386,0.4796944365528516,0.530235120160649
812,0.4330967774542489,0.31224213041913584,0.5079628216650849
813,0.8722361782161849,0.682109691367218,0.6632905739161643
814,0.06249259782166661,0.036589387091766845,0.9720373927783755
815,0.6171350768938076,0.2950272997663749,0.009994351354810527
816,0.5253407916117783,0.38369293609043487,0.15883661705420127
817,0.9067424453971378,0.09848367189286633,0.7054605361712311
818,0.9382424602277329,0.7732768669159852,0.8036737433836075
819,0.29537769079948284,0.5059255675082869,0.36030198536978475
820,0.34706980402549914,0.07785648857598337,0.8915078864051276
821,0.817335166820037,0.09134622584625429,0.418424458236314
822,0.8779793955915535,0.4157448312029973,0.8677344386834618
823,0.49214983670934187,0.12453332146913842,0.1397454182514607
824,0.712082046716737,0.353242628644981,0.9706765802535464
825,0.4488643493226462,0.24381788426730955,0.4272868964762253
826,0.21207091532477895,0.11771471730776062,0.7917278344796437
827,0.6059343990182875,0.9729915382814571,0.5341328717337802
828,0.8524984391992637,0.4803788206678714,0.9168909748765746
829,0.9683859949241134,0.5308031386497067,0.869563457062425
830,0.4966423717794024,0.4626950536513621,0.8339407281399104
831,0.9995313616692901,0.6876249729577977,0.7478668324161541
832,0.3565581591856859,0.4620377571117257,0.46147907394136733
833,0.31174429915799085,0.06587263306771352,0.8531984698231205
834,0.5758719274709845,0.6941673146080332,0.740993401549004
835,0.23521316888873245,0.7940827731848171,0.5756291877312685
836,0.9268036831649544,0.2879584115125695,0.0799029500751065
837,0.5366003597399398,0.22606092858067062,0.03961635412881093
838,0.8710040837754625,0.17324859207212873,0.6527697208910862
839,0.0025419570470650577,0.14678841895280081,0.2636059748170416
840,0.10663194762553274,0.7363799078754227,0.6246527541913749
841,0.7853618861689077,0.032825085794569,0.9354946951455454
842,0.6387586367755888,0.22391521892485866,0.08279922160554265
843,0.09954300237647595,0.723184988191968,0.7779446976009893
844,0.7521021024626654,0.8242087337356524,0.7480177182218816
845,0.5779609962626585,0.8360530087313479,0.14357784057442335
846,0.5986147719759731,0.022856816963676696,0.7554825327241882
847,0.4878426730440981,0.921281154690455,0.4605996059484816
848,0.6603311459507247,0.3492991384872556,0.9630296683813976
849,0.20550210025220728,0.8466997428237055,0.7888848724774344
850,0.6589205934307377,0.30811970593557314,0.9788117027102327
851,0.6673904199216439,0.9359836617844084,0.11030508086790647
852,0.6642437599746726,0.24220755891699874,0.31197610399598974
853,0.22946435757895423,0.6985213107702074,0.8195773533876681
854,0.9180740435401853,0.9002117221361056,0.007188891898928684
855,0.7457293238812641,0.8278023514830988,0.8515478586695592
856,0.6086324184774969,0.6407119614682454,0.8462077513400742
857,0.35832446689214204,0.9597543872252341,0.573465131960159
858,0.9032639968225825,0.5861307711055135,0.29758301463278447
859,0.9014285158938711,0.9580237566675788,0.9378313368242674
860,0.043191472217733895,0.17397217392062614,0.19430685111770363
861,0.7344493961419443,0.47397643902757214,0.15054463341830748
862,0.6566061958865193,0.009813143122214152,0.4448127408471748
863,0.4387471342140836,0.41509569139661695,0.29574110570607626
864,0.544695018696347,0.7225120292999644,0.43737585093818354
865,0.8842469385349189,0.2826039974762503,0.7788414380242258
866,0.827797173636011,0.03650387299789537,0.3891559161882755
867,0.9625753249001626,0.3347752170540901,0.27289183842916975
868,0.09504428396528553,0.3585401240155256,0.7783311453116469
869,0.06946470493552936,0.7998748660594035,0.6923039038941893
870,0.15684567275163364,0.7508694562133217,0.5451160525245964
871,0.14744951779050808,0.6261406344937811,0.3446067878460092
872,0.2274187012964458,0.5786430180435406,0.5700911850736675
873,0.6335219699700586,0.5346401308935249,0.20674437049942485
874,0.8747032911212127,0.5769103283391472,0.06854199064060718
875,0.7737659785567751,0.43556927978756366,0.7774086645494698
876,0.00101471902038075,0.5755443048152122,0.20913839770584597
877,0.468938803969694,0.9981363566432229,0.9407293130052169
878,0.16290626206513048,0.35130211125488664,0.6510494862458999
879,0.004253429538099818,0.3116751018579835,0.5989954493692671
880,0.637220497930467,0.6083675232428486,0.7984227490134806
881,0.008702313979672582,0.36479878632936236,0.5826398932810101
882,0.8391806294316149,0.8116121986293815,0.8249896088294615
883,0.9875396514689316,0.3764237238139697,0.4789578883494715
884,0.24171044840396505,0.5706647866953765,0.3900194577675823
885,0.6115270093193576,0.7643877177340251,0.3866871382662538
886,0.016480774762339445,0.6710232703355784,0.4979799738799495
887,0.08773651657824277,0.12778017682054943,0.9934937952144933
888,0.2854863290761257,0.02532140320460774,0.5991881565063568
889,0.13941005410525853,0.37309938015188837,0.7789498517083423
890,0.9837538257386066,0.8702642607797838,0.8859684981321068
891,0.4377516995874654,0.5203232654399225,0.43814517054903135
892,0.7209372712393831,0.2922408493034837,0.17421355520947746
893,0.11530866247295068,0.545437447517573,0.38561752163845475
894,0.47706498700923183,0.8444000449323809,0.47046377588856203
895,0.9419121409707961,0.19544751828345508,0.9020511554702209
896,0.7814425937751789,0.34477417045793735,0.835082259140377
897,0.14996264383313607,0.13532307032814916,0.9798692034471799
898,0.007647721687581321,0.413095046372125,0.15769392405183746
899,0.5107477082446507,0.7240770933449513,0.5916225686824951
900,0.7407494794144707,0.7687508020858538,0.7480482897939577
901,0.3494138754465226,0.16818022748855332,0.4640798872389609
902,0.21198197140763753,0.036692954627730257,0.4986489203852075
903,0.7686282643217397,0.7348221085939752,0.9830795250477906
904,0.9303562990568215,0.25680448117586296,0.9016313208519555
905,0.09854957574621903,0.5488174317032314,0.34241476296736917
906,0.31164058624199087,0.8180375106894034,0.973857663813314
907,0.4193595490756663,0.43145124381333355,0.19802963075216384
908,0.9833475521511444,0.4193334143200721,0.3421629731183239
909,0.8508945226733011,0.4076939114344932,0.801870401672733
910,0.9249089238412487,0.6573028606801269,0.4038308815938786
911,0.3519773400334164,0.7127159256527725,0.12500852783102323
912,0.9575939655670817,0.5759828821980034,0.8128079814778582
913,0.5759184271268399,0.1552745624698132,0.9957032586530619
914,0.07918544749751277,0.2454375826462336,0.4286800294022397
915,0.08613202003095666,0.5995588059417023,0.3334934420986545
916,0.6482012002328993,0.3568534603189564,0.6438151821064645
917,0.7089897572556371,0.6083235509200968,0.8376933600718471
918,0.6145903701230679,0.6452877454746212,0.10124062908941922
919,0.9405914810711236,0.21850207492073515,0.736776354040215
920,0.7109402513828322,0.8146001639418814,0.15893410835180444
921,0.05639027183483758,0.937357991495596,0.029716065432788485
922,0.11192785390362803,0.6135397896669678,0.7863982906280365
923,0.23657806388905755,0.23179881476473818,0.48781358532570784
924,0.014634163506883402,0.24702449154038542,0.25181730245669953
925,0.1577432586751546,0.8916559123507847,0.7784070786881881
926,0.7416429968171484,0.15370894499935295,0.7006080196288205
927,0.6187383842563586,0.43458016712725633,0.6627498677574254
928,0.1854836440821651,0.990077933297916,0.6923242982437723
929,0.824387738393898,0.00940579448179002,0.19355557570026083
930,0.7579091457612398,0.7237079983011823,0.06654557069255218
931,0.03216714622559014,0.9587266829224225,0.5625641239242292
932,0.42522422599482823,0.8953758664270819,0.2968353702522968
933,0.2964914850829319,0.918007947709183,0.12277171654193997
934,0.15880229945967517,0.3221819936895246,0.6982444049388458
935,0.8785401438382594,0.08460529796938154,0.19562724097930362
936,0.3007678511020695,0.6586377490377506,0.15315112672609266
937,0.5315763686058044,0.32001113633208955,0.17177994611343783
938,0.22996848730183617,0.11713594377798398,0.4633896350456038
939,0.6342419631205736,0.40568307404720105,0.848353218383616
940,0.4238083949199636,0.9156309674618831,0.1389858174976859
941,0.21481811383265736,0.5103346949723343,0.45965522244897117
942,0.18909904363987418,0.34241011959668755,0.06086559983361295
943,0.3215126707370326,0.6683342233396048,0.3063300595604437
944,0.5609992881744306,0.18303066016554825,0.2924059251113682
945,0.6440862939029237,0.7909787964071202,0.7486867586513692
946,0.21938688174751553,0.8222478828050318,0.7776213788336217
947,0.6399749472362571,0.266272809477474,0.30541087502121245
948,0.4823083737702649,0.7120168021241231,0.6325635179245327
949,0.7652340392844041,0.6860682577041816,0.964607532908764
950,0.397035093521545,0.05610213605791747,0.0028727759761171257
951,0.5789941265807602,0.22518037112555978,0.3192311587644969
952,0.8117165331874201,0.806198671729233,0.10886726630993426
953,0.7195767420375987,0.26874397483611734,0.9656342202643305
954,0.6785146362343835,0.6309110277287315,0.8116550387006739
955,0.4893724736869156,0.03672115606924775,0.11423760713905695
956,0.8373634260932841,0.09919034923262005,0.6937401513272551
957,0.39782636477412503,0.5928407302740589,0.13727142179110496
958,0.8788118086996497,0.7959885953732964,0.5878156276024514
959,0.9346241592855963,0.1305918734116428,0.36779105632896314
960,0.7914141886221299,0.33932415834056906,0.0795170114593946
961,0.6188822712260353,0.8819445367049884,0.33347392420877975
962,0.9709561181023404,0.054571334020081075,0.27936534711643324
963,0.5408883968903925,0.8604972726636074,0.9324824850891521
964,0.7309669599474727,0.7855416879614125,0.8417278728530432
965,0.5307491303916251,0.4723354128504821,0.6138499576215727
966,0.04109008563701255,0.4726695078807024,0.3868423950143116
967,0.6032565868166141,0.7576628696648181,0.1652145426016154
968,0.030752282880764592,0.7705673279107321,0.07180985460814537
969,0.20334429678453703,0.35005747689923905,0.42112667653764646
970,0.5704293698907107,0.36746593414379947,0.4264890070230746
971,0.7649616634129214,0.338535591044301,0.29773983054244624
972,0.861030273361437,0.9037397481609657,0.8524375401617675
973,0.4139846071390053,0.1997366195400937,0.3918026654721506
974,0.12912125699728705,0.1727223841887805,0.4360777916741202
975,0.6679124600147595,0.938530047293732,0.9162405348478182
976,0.8582909221148585,0.417431623235753,0.385921711636494
977,0.9618132722198268,0.8213622933385992,0.5254989426325252
978,0.8972696069543564,0.9713123796037856,0.6369022972087607
979,0.0038631340044085194,0.5506910296996859,0.15531578550092184
980,0.8491868706652299,0.2809750921112095,0.3345086150066837
981,0.8036462896781287,0.7915884703764505,0.7828589355681197
982,0.340339918965358,0.3770925985898689,0.1339469539669016
983,0.24533507571956858,0.4491164222829144,0.3527970733804756
984,0.027878413155747905,0.9764934024884987,0.4242209490067066
985,0.6837297096094932,0.7122943432057637,0.07316590234956033
986,0.9450193495982079,0.0401796101678068,0.3349841451011467
987,0.8705787815420708,0.8363672177309472,0.37525945884135237
988,0.09360735356257865,0.3410318491594686,0.3879462156411416
989,0.5342869343535873,0.7349841534275259,0.7013715270724857
990,0.06319925636435053,0.43727192654697766,0.1717830169016521
991,0.25898680142324526,0.03980056867792736,0.7514498881416465
992,0.42963621916537476,0.39145090362431023,0.04773184113065054
993,0.002957387848448345,0.9399425736776363,0.6732074920901332
994,0.49424783501540703,0.5581011288532609,0.12854131788982048
995,0.650119127160716,0.042531551514903176,0.40511167745517407
996,0.7042714433323077,0.31715529621465277,0.779764111390287
997,0.1382251448251426,0.4936254724961291,0.15221481167398954
998,0.273129940421178,0.7638456292753774,0.031242165580605885
999,0.5366705626905891,0.6748453973108158,0.004223872278460328
